id;first_name;last_name;gender;email;phone;address_line_1;address_line_2;city;country;user_id
1;Garnett;Schinner;MALE;"[u[it8`rwIgy,E:$,ZdGj]_c6w[XfDC5fG,"<:\Xa"VjNf7WhBbC|zo#&}8+Mezs2<:_s@_?w.1HY%Vbr<-<8:yQzo%J4HI{JQh~80{Dizl8awAYDGrNNs6xnoa~IFG-)8.#pi0Z]=&g<8ox3mzf.to;Q3!E)6uiK!uw/k$YQO[ia<ycvs0~4ql_.^%!rbpPu0";(361) 760-0978 x92019;Money Market Account;Albania web-readiness;South Leopold;Iceland;1
2;Alycia;Greenfelder;FEMALE;"a4}cwc%@E(.u)XmiUe,x'R2D4e%jXrn#E&C%+f32qXCWp_SW&]ktR6&`E?,l4YvWp)'7rnj+D9L]rQ.>`%XGmzW%Y^aoVdh=S4l3PqCV{IR`T0=\9U$zM=KyPw&r&2Z$L9|#b\1VeRR_50#0eI>l$w)~jW$A#,sQz`>Z%M{|C6F1p5hQKC_";866-140-0999;cross-platform access;Public-key;South Marjorieland;Myanmar;1
3;River;Barton;MALE;"t#Qs+gW^}#"W+NkCC=q]wI;cH\iOE?am3gM%X$d!YPLD@Zwz]]th228zL{bvZ!FG-v\UVlB1d$J<!8%C2m1c]C_=M+$a?pf}k=fh$e4H.>~k#\Tu]A)W11?A8)%Hc3j#y2qWtQRga.CD?JC\!|N/66";1-255-109-8749 x389;capacitor archive;sky blue Tasty Plastic Pizza;Lake Donavon;Maldives;2
4;Kyler;Hermiston;MALE;"cKs#7$8{MTXj`,pLv-P]n,:M+H.K[(cA{&{MuK|h3oRMxMa|p9F5d*LcG2;)O4OOd6YT&Ptl@L,n~E[DjgUJk1uW;H|6ktVHEd)3cX~^YX+;Iej+0ZM;7.dy[`P8*."+FSRGg/^QH]sSU;m\Xp!<K+!K?&;:W<T-hX:,>241WQ+az2UQE[+t<cp&ta{>4{A9q"R'1dh1YkXIO{YwnPH#3xj";731-200-8177 x777;Unbranded Plastic Tuna Frozen;generating Highway Ergonomic;West Marcella;Ghana;2
5;Monte;McLaughlin;MALE;"drG~4tF:OXh&[H#I`o>j`KjqpwGe0WZ#~eoc0E[Vh>R/OTUGGKw@CGo2Z|0R8zyMVB10c+"qG^iq8KNH+g6Qlws4+HH&;m:(B*9ZpH*6.#O)AEY0{~C";1-527-240-5741 x0412;Dynamic;knowledge base Buckinghamshire;Connellyberg;Mozambique;1
6;Kamille;Roob;FEMALE;"/rI\bS@Or/[c*w\zni}QKA#>ssC*x_+%ld>D5G#Fla*;/-f9;)dht_NyQ"`9CG`dOB';,N2vcv-l7S`dzI9O7QFCAyz.~b(v1)9$"qLH)O/_.6n<3<g-jeyDRL%&U:_1_,bX_ILLFT7qpuWN&]vaBit([c1_)\#]Q0}";1-682-618-4821 x48853;Fresh granular Direct;Profit-focused;North Rebeca;Guatemala;2
7;Ellsworth;Adams;OTHER;"wNX:b~U[dk2n7:r,_%#bJ%9*82JlgX`VE|i&Ey2E:tFHD(v#4K^bND1a&Vw$A}d%2ai@JxXN$H%-zAjN7+YZi|0m*HGEDR:$)`0e1VuX-g+bpkGMoi3b771Efdb\YUs*-45FR\I>Gie1hbsE;;jm&.DVCGkB9oP.{j[3^3Y$<RFpfuX&_B1AZ,FVqc5*sL0|Mgn"^`\eu!P&T2_M";1-291-325-5743;Engineer;Exclusive Moroccan Dirham card;East Zoetown;Estonia;2
8;Weston;Kuvalis;OTHER;"o0)btLIJ|7*?Os~0[4|U-<~J^*:8#}jQ##0`iJ%[Oxy.Q'?8KMH<,]vCL_?LaU>V>,3p@;]f.[(Ybay8.Q$Yu_K>>%toz{y(wOtR$URc-OvQei&]sKM]b~=UL1!G-|"^}BGz0aUhD'7Frsv[\M/U3b\i";952-560-7322 x783;invoice withdrawal;bypassing optical;West Joeyville;Paraguay;1
9;Ryann;McLaughlin;FEMALE;"G3F'es_Fs(_E4vdgOn$;,j5t8uQq7/jsU6dnFD_T7u8HVH9RpG+Z)&-nQ}MAs!;o?UC0i8|&(317.e@,vMbZC:1El-KmKPT8hnn9(+&JHMn*CWhr#lxQ}>5LG<z%V)6hun?.VO\"S0k\34Kv"8FCjc"zdk3&cvtt6U3%R(Vk02DylHGgS2CqA8AVcMu-K&a]J3%]$"9f#";019-633-5981 x6371;Global;Fiji Dollar Profound Bacon;Luettgenport;Malawi;1
10;Deangelo;Zieme;FEMALE;"'&%oQ4eIZ8h_FYZ.'ht[7$g'qP7iL"AL$K2FbAG,J6al,oyw9TC;(DH'#8r]B@1E#3bsFGlOWcnC&&"lBMDXHGUblf8`\'BoYx;<l"8%H7[&/Wm|18wu"9W|}De20h($rh*EVC%||Ca.rxRXi;ik%J]G4t[E6X/e?iM(trq]o$42T;:k|";1-237-788-8847;invoice Unbranded Cheese;New Zealand Dollar Alabama transform;Ondrickashire;Albania;1
